公司,代码,市场,报告期,报告类型,披露日期,来源,文件路径,页数,大小(MB),状态,原文URL
五粮液,000858,深交所,2022年,年报,2023-04-29,深交所官网 www.szse.cn,data/reports/五粮液/2022/年度报告.pdf,147,2.06,ok,http://disc.szse.cn/download/disc/disk03/finalpage/2023-04-29/436a9323-937d-4fc8-9a77-bfe25257c603.PDF
五粮液,000858,深交所,2023年,年报,2024-04-29,深交所官网 www.szse.cn,data/reports/五粮液/2023/年度报告.pdf,150,4.43,ok,http://disc.szse.cn/download/disc/disk03/finalpage/2024-04-29/0bfa7324-1450-45a5-a8bf-43646898a41d.PDF
五粮液,000858,深交所,2024年,半年报,2024-08-29,深交所官网 www.szse.cn,data/reports/五粮液/2024/半年度报告.pdf,119,1.31,ok,http://disc.szse.cn/download/disc/disk03/finalpage/2024-08-28/2330ba5f-aed3-4cac-9924-c10021cb77da.PDF
五粮液,000858,深交所,2024年,年报,2025-04-26,深交所官网 www.szse.cn,data/reports/五粮液/2024/年度报告.pdf,147,7.53,ok,http://disc.szse.cn/download/disc/disk03/finalpage/2025-04-26/e366c663-84d0-4700-a59a-00a7d6412d48.PDF
五粮液,000858,深交所,2025年,半年报,2026-04-30,深交所官网 www.szse.cn,data/reports/五粮液/2025/半年度报告.pdf,126,0.78,ok,http://disc.szse.cn/download/disc/disk03/finalpage/2026-04-30/3fe80d08-f720-4b86-9f0b-104e6ff9582f.PDF
五粮液,000858,深交所,2025年,年报,2026-04-30,深交所官网 www.szse.cn,data/reports/五粮液/2025/年度报告.pdf,141,2.94,ok,http://disc.szse.cn/download/disc/disk03/finalpage/2026-04-30/7b179575-3e07-4607-8d7e-d1bb9c4c8786.PDF
五粮液,000858,深交所,2026年,半年报,2026-08-29,深交所官网 www.szse.cn,data/reports/五粮液/2026/半年度报告.pdf,124,1.23,ok,http://disc.szse.cn/download/disc/disk03/finalpage/2026-08-29/54759c03-9537-4b38-8e23-c98946014e59.PDF
今世缘,603369,上交所,2022年,年报,2023-07-28,巨潮资讯网 www.cninfo.com.cn（证监会指定披露平台）,data/reports/今世缘/2022/年度报告.pdf,176,3.48,ok,http://static.cninfo.com.cn/finalpage/2023-07-28/1217402645.PDF
今世缘,603369,上交所,2023年,年报,2024-04-30,巨潮资讯网 www.cninfo.com.cn（证监会指定披露平台）,data/reports/今世缘/2023/年度报告.pdf,168,3.80,ok,http://static.cninfo.com.cn/finalpage/2024-04-30/1219917783.PDF
今世缘,603369,上交所,2024年,半年报,2024-08-17,巨潮资讯网 www.cninfo.com.cn（证监会指定披露平台）,data/reports/今世缘/2024/半年度报告.pdf,128,2.83,ok,http://static.cninfo.com.cn/finalpage/2024-08-17/1220891900.PDF
今世缘,603369,上交所,2024年,年报,2025-04-30,巨潮资讯网 www.cninfo.com.cn（证监会指定披露平台）,data/reports/今世缘/2024/年度报告.pdf,173,1.34,ok,http://static.cninfo.com.cn/finalpage/2025-04-30/1223416277.PDF
今世缘,603369,上交所,2025年,半年报,2025-08-26,巨潮资讯网 www.cninfo.com.cn（证监会指定披露平台）,data/reports/今世缘/2025/半年度报告.pdf,130,0.93,ok,http://static.cninfo.com.cn/finalpage/2025-08-26/1224565547.PDF
今世缘,603369,上交所,2025年,年报,2026-04-29,巨潮资讯网 www.cninfo.com.cn（证监会指定披露平台）,data/reports/今世缘/2025/年度报告.pdf,166,1.23,ok,http://static.cninfo.com.cn/finalpage/2026-04-29/1225245218.PDF
今世缘,603369,上交所,2026年,半年报,2026-08-18,巨潮资讯网 www.cninfo.com.cn（证监会指定披露平台）,data/reports/今世缘/2026/半年度报告.pdf,119,0.99,ok,http://static.cninfo.com.cn/finalpage/2026-08-18/1225476449.PDF
口子窖,603589,上交所,2022年,年报,2023-04-28,巨潮资讯网 www.cninfo.com.cn（证监会指定披露平台）,data/reports/口子窖/2022/年度报告.pdf,181,2.91,ok,http://static.cninfo.com.cn/finalpage/2023-04-28/1216645866.PDF
口子窖,603589,上交所,2023年,年报,2024-04-30,巨潮资讯网 www.cninfo.com.cn（证监会指定披露平台）,data/reports/口子窖/2023/年度报告.pdf,232,3.48,ok,http://static.cninfo.com.cn/finalpage/2024-04-30/1219912125.PDF
口子窖,603589,上交所,2024年,半年报,2024-08-29,巨潮资讯网 www.cninfo.com.cn（证监会指定披露平台）,data/reports/口子窖/2024/半年度报告.pdf,180,2.78,ok,http://static.cninfo.com.cn/finalpage/2024-08-29/1221024730.PDF
口子窖,603589,上交所,2024年,年报,2025-04-29,巨潮资讯网 www.cninfo.com.cn（证监会指定披露平台）,data/reports/口子窖/2024/年度报告.pdf,231,1.18,ok,http://static.cninfo.com.cn/finalpage/2025-04-29/1223370055.PDF
口子窖,603589,上交所,2025年,半年报,2025-08-20,巨潮资讯网 www.cninfo.com.cn（证监会指定披露平台）,data/reports/口子窖/2025/半年度报告.pdf,176,0.96,ok,http://static.cninfo.com.cn/finalpage/2025-08-20/1224519359.PDF
口子窖,603589,上交所,2025年,年报,2026-04-23,巨潮资讯网 www.cninfo.com.cn（证监会指定披露平台）,data/reports/口子窖/2025/年度报告.pdf,218,1.25,ok,http://static.cninfo.com.cn/finalpage/2026-04-23/1225145285.PDF
口子窖,603589,上交所,2026年,半年报,2026-08-28,巨潮资讯网 www.cninfo.com.cn（证监会指定披露平台）,data/reports/口子窖/2026/半年度报告.pdf,184,1.00,ok,http://static.cninfo.com.cn/finalpage/2026-08-28/1225518242.PDF
古井贡酒,000596,深交所,2022年,年报,2023-04-29,深交所官网 www.szse.cn,data/reports/古井贡酒/2022/年度报告.pdf,185,4.77,ok,http://disc.szse.cn/download/disc/disk03/finalpage/2023-04-28/7bcff8c8-4f2b-4560-82f4-6fa514dd0568.PDF
古井贡酒,000596,深交所,2023年,年报,2024-04-27,深交所官网 www.szse.cn,data/reports/古井贡酒/2023/年度报告.pdf,184,4.42,ok,http://disc.szse.cn/download/disc/disk03/finalpage/2024-04-26/1fe5760e-0b81-4b13-96c3-76df2331c8d0.PDF
古井贡酒,000596,深交所,2024年,半年报,2024-08-31,深交所官网 www.szse.cn,data/reports/古井贡酒/2024/半年度报告.pdf,151,3.72,ok,http://disc.szse.cn/download/disc/disk03/finalpage/2024-08-30/f2c2c0fc-49be-4a1a-adf5-30031f202148.PDF
古井贡酒,000596,深交所,2024年,年报,2025-04-28,深交所官网 www.szse.cn,data/reports/古井贡酒/2024/年度报告.pdf,180,4.22,ok,http://disc.szse.cn/download/disc/disk03/finalpage/2025-04-25/abddbb2c-50e1-4a63-bdf3-dadde8b1f3ee.PDF
古井贡酒,000596,深交所,2025年,半年报,2025-08-30,深交所官网 www.szse.cn,data/reports/古井贡酒/2025/半年度报告.pdf,143,3.39,ok,http://disc.szse.cn/download/disc/disk03/finalpage/2025-08-30/ceab3ca6-886f-4af6-8769-ec38275de186.PDF
古井贡酒,000596,深交所,2025年,年报,2026-04-29,深交所官网 www.szse.cn,data/reports/古井贡酒/2025/年度报告.pdf,167,3.76,ok,http://disc.szse.cn/download/disc/disk03/finalpage/2026-04-29/9fbb3a29-2c9a-4f57-baca-b6e80c3f405f.PDF
古井贡酒,000596,深交所,2026年,半年报,2026-08-29,深交所官网 www.szse.cn,data/reports/古井贡酒/2026/半年度报告.pdf,142,3.36,ok,http://disc.szse.cn/download/disc/disk03/finalpage/2026-08-29/42afcb22-66cd-48dd-9bd3-c3e084630b69.PDF
山西汾酒,600809,上交所,2022年,年报,2023-04-28,巨潮资讯网 www.cninfo.com.cn（证监会指定披露平台）,data/reports/山西汾酒/2022/年度报告.pdf,184,4.93,ok,http://static.cninfo.com.cn/finalpage/2023-04-28/1216642516.PDF
山西汾酒,600809,上交所,2023年,年报,2024-04-26,巨潮资讯网 www.cninfo.com.cn（证监会指定披露平台）,data/reports/山西汾酒/2023/年度报告.pdf,199,5.33,ok,http://static.cninfo.com.cn/finalpage/2024-04-26/1219833278.PDF
山西汾酒,600809,上交所,2024年,半年报,2024-08-28,巨潮资讯网 www.cninfo.com.cn（证监会指定披露平台）,data/reports/山西汾酒/2024/半年度报告.pdf,157,3.11,ok,http://static.cninfo.com.cn/finalpage/2024-08-28/1221001878.PDF
山西汾酒,600809,上交所,2024年,年报,2025-04-30,巨潮资讯网 www.cninfo.com.cn（证监会指定披露平台）,data/reports/山西汾酒/2024/年度报告.pdf,167,1.19,ok,http://static.cninfo.com.cn/finalpage/2025-04-30/1223414537.PDF
山西汾酒,600809,上交所,2025年,半年报,2025-08-29,巨潮资讯网 www.cninfo.com.cn（证监会指定披露平台）,data/reports/山西汾酒/2025/半年度报告.pdf,136,0.88,ok,http://static.cninfo.com.cn/finalpage/2025-08-29/1224606161.PDF
山西汾酒,600809,上交所,2025年,年报,2026-04-23,巨潮资讯网 www.cninfo.com.cn（证监会指定披露平台）,data/reports/山西汾酒/2025/年度报告.pdf,169,1.12,ok,http://static.cninfo.com.cn/finalpage/2026-04-23/1225156714.PDF
山西汾酒,600809,上交所,2026年,半年报,2026-08-31,巨潮资讯网 www.cninfo.com.cn（证监会指定披露平台）,data/reports/山西汾酒/2026/半年度报告.pdf,132,0.91,ok,http://static.cninfo.com.cn/finalpage/2026-08-31/1225535289.PDF
水井坊,600779,上交所,2022年,年报,2023-04-29,巨潮资讯网 www.cninfo.com.cn（证监会指定披露平台）,data/reports/水井坊/2022/年度报告.pdf,180,3.57,ok,http://static.cninfo.com.cn/finalpage/2023-04-29/1216691434.PDF
水井坊,600779,上交所,2023年,年报,2024-04-27,巨潮资讯网 www.cninfo.com.cn（证监会指定披露平台）,data/reports/水井坊/2023/年度报告.pdf,200,3.90,ok,http://static.cninfo.com.cn/finalpage/2024-04-27/1219877097.PDF
水井坊,600779,上交所,2024年,半年报,2024-07-27,巨潮资讯网 www.cninfo.com.cn（证监会指定披露平台）,data/reports/水井坊/2024/半年度报告.pdf,152,3.22,ok,http://static.cninfo.com.cn/finalpage/2024-07-27/1220740070.PDF
水井坊,600779,上交所,2024年,年报,2025-04-30,巨潮资讯网 www.cninfo.com.cn（证监会指定披露平台）,data/reports/水井坊/2024/年度报告.pdf,205,1.31,ok,http://static.cninfo.com.cn/finalpage/2025-04-30/1223414387.PDF
水井坊,600779,上交所,2025年,半年报,2025-08-29,巨潮资讯网 www.cninfo.com.cn（证监会指定披露平台）,data/reports/水井坊/2025/半年度报告.pdf,147,0.91,ok,http://static.cninfo.com.cn/finalpage/2025-08-29/1224605173.PDF
水井坊,600779,上交所,2025年,年报,2026-04-30,巨潮资讯网 www.cninfo.com.cn（证监会指定披露平台）,data/reports/水井坊/2025/年度报告.pdf,192,1.93,ok,http://static.cninfo.com.cn/finalpage/2026-04-30/1225259544.PDF
水井坊,600779,上交所,2026年,半年报,2026-08-29,巨潮资讯网 www.cninfo.com.cn（证监会指定披露平台）,data/reports/水井坊/2026/半年度报告.pdf,142,0.86,ok,http://static.cninfo.com.cn/finalpage/2026-08-29/1225529883.PDF
泸州老窖,000568,深交所,2022年,年报,2023-04-29,深交所官网 www.szse.cn,data/reports/泸州老窖/2022/年度报告.pdf,181,5.26,ok,http://disc.szse.cn/download/disc/disk03/finalpage/2023-04-29/f89f4a21-89a2-4db9-876c-e8f78bc581da.PDF
泸州老窖,000568,深交所,2023年,年报,2024-04-27,深交所官网 www.szse.cn,data/reports/泸州老窖/2023/年度报告.pdf,194,5.61,ok,http://disc.szse.cn/download/disc/disk03/finalpage/2024-04-26/6e9523c0-5b34-473a-96d3-e3fa5e3752ed.PDF
泸州老窖,000568,深交所,2024年,半年报,2024-08-31,深交所官网 www.szse.cn,data/reports/泸州老窖/2024/半年度报告.pdf,152,2.64,ok,http://disc.szse.cn/download/disc/disk03/finalpage/2024-08-30/81669388-924b-4661-9a96-2f65cdf90501.PDF
泸州老窖,000568,深交所,2024年,年报,2025-04-28,深交所官网 www.szse.cn,data/reports/泸州老窖/2024/年度报告.pdf,195,2.34,ok,http://disc.szse.cn/download/disc/disk03/finalpage/2025-04-28/e8379582-aba3-4319-bb41-b90b66f80c3b.pdf
泸州老窖,000568,深交所,2025年,半年报,2025-08-30,深交所官网 www.szse.cn,data/reports/泸州老窖/2025/半年度报告.pdf,147,0.92,ok,http://disc.szse.cn/download/disc/disk03/finalpage/2025-08-30/9b7b5a04-d2f1-4f2b-ac1d-35d1a6cb25de.PDF
泸州老窖,000568,深交所,2025年,年报,2026-04-29,深交所官网 www.szse.cn,data/reports/泸州老窖/2025/年度报告.pdf,183,2.28,ok,http://disc.szse.cn/download/disc/disk03/finalpage/2026-04-29/ec33c00d-0078-4493-9e53-d42011a8f93d.PDF
泸州老窖,000568,深交所,2026年,半年报,2026-08-26,深交所官网 www.szse.cn,data/reports/泸州老窖/2026/半年度报告.pdf,141,0.86,ok,http://disc.szse.cn/download/disc/disk03/finalpage/2026-08-26/dddd84cb-a0dd-4ceb-89c3-840c16ceafda.PDF
洋河股份,002304,深交所,2022年,年报,2023-04-26,深交所官网 www.szse.cn,data/reports/洋河股份/2022/年度报告.pdf,171,2.71,ok,http://disc.szse.cn/download/disc/disk03/finalpage/2023-04-25/627787e8-f08c-4b80-996a-e4f1ea494c67.PDF
洋河股份,002304,深交所,2023年,年报,2024-04-27,深交所官网 www.szse.cn,data/reports/洋河股份/2023/年度报告.pdf,176,3.16,ok,http://disc.szse.cn/download/disc/disk03/finalpage/2024-04-26/ec2942ac-18fb-4335-825f-5cd932b2f889.PDF
洋河股份,002304,深交所,2024年,半年报,2024-08-30,深交所官网 www.szse.cn,data/reports/洋河股份/2024/半年度报告.pdf,138,3.59,ok,http://disc.szse.cn/download/disc/disk03/finalpage/2024-08-29/1221522f-2cda-4ce4-a19a-1a7e30b487bf.PDF
洋河股份,002304,深交所,2024年,年报,2025-04-29,深交所官网 www.szse.cn,data/reports/洋河股份/2024/年度报告.pdf,173,4.48,ok,http://disc.szse.cn/download/disc/disk03/finalpage/2025-04-28/fbfd2c86-4b01-4dab-a639-f3aa9246107a.PDF
洋河股份,002304,深交所,2025年,半年报,2025-08-19,深交所官网 www.szse.cn,data/reports/洋河股份/2025/半年度报告.pdf,134,0.84,ok,http://disc.szse.cn/download/disc/disk03/finalpage/2025-08-19/8de0ad07-0e3d-44d5-aa2c-bd2eb9f4e06e.pdf
洋河股份,002304,深交所,2025年,年报,2026-04-28,深交所官网 www.szse.cn,data/reports/洋河股份/2025/年度报告.pdf,166,3.54,ok,http://disc.szse.cn/download/disc/disk03/finalpage/2026-04-28/1f475c90-dbd1-4282-a4a6-3c90fde7c769.PDF
洋河股份,002304,深交所,2026年,半年报,2026-08-27,深交所官网 www.szse.cn,data/reports/洋河股份/2026/半年度报告.pdf,132,0.84,ok,http://disc.szse.cn/download/disc/disk03/finalpage/2026-08-27/f4999550-b743-4353-997b-6a2dbdbdc85a.PDF
舍得酒业,600702,上交所,2022年,年报,2023-03-22,巨潮资讯网 www.cninfo.com.cn（证监会指定披露平台）,data/reports/舍得酒业/2022/年度报告.pdf,176,3.62,ok,http://static.cninfo.com.cn/finalpage/2023-03-22/1216180461.PDF
舍得酒业,600702,上交所,2023年,年报,2024-03-20,巨潮资讯网 www.cninfo.com.cn（证监会指定披露平台）,data/reports/舍得酒业/2023/年度报告.pdf,203,4.03,ok,http://static.cninfo.com.cn/finalpage/2024-03-20/1219347680.PDF
舍得酒业,600702,上交所,2024年,半年报,2024-08-22,巨潮资讯网 www.cninfo.com.cn（证监会指定披露平台）,data/reports/舍得酒业/2024/半年度报告.pdf,151,3.21,ok,http://static.cninfo.com.cn/finalpage/2024-08-22/1220938474.PDF
舍得酒业,600702,上交所,2024年,年报,2025-03-22,巨潮资讯网 www.cninfo.com.cn（证监会指定披露平台）,data/reports/舍得酒业/2024/年度报告.pdf,202,4.16,ok,http://static.cninfo.com.cn/finalpage/2025-03-22/1222869176.PDF
舍得酒业,600702,上交所,2025年,半年报,2025-08-23,巨潮资讯网 www.cninfo.com.cn（证监会指定披露平台）,data/reports/舍得酒业/2025/半年度报告.pdf,151,1.76,ok,http://static.cninfo.com.cn/finalpage/2025-08-23/1224557781.PDF
舍得酒业,600702,上交所,2025年,年报,2026-03-21,巨潮资讯网 www.cninfo.com.cn（证监会指定披露平台）,data/reports/舍得酒业/2025/年度报告.pdf,189,1.37,ok,http://static.cninfo.com.cn/finalpage/2026-03-21/1225022707.PDF
舍得酒业,600702,上交所,2026年,半年报,2026-08-19,巨潮资讯网 www.cninfo.com.cn（证监会指定披露平台）,data/reports/舍得酒业/2026/半年度报告.pdf,148,1.04,ok,http://static.cninfo.com.cn/finalpage/2026-08-19/1225479546.PDF
贵州茅台,600519,上交所,2022年,年报,2023-03-31,巨潮资讯网 www.cninfo.com.cn（证监会指定披露平台）,data/reports/贵州茅台/2022/年度报告.pdf,127,3.17,ok,http://static.cninfo.com.cn/finalpage/2023-03-31/1216281757.PDF
贵州茅台,600519,上交所,2023年,年报,2024-04-03,巨潮资讯网 www.cninfo.com.cn（证监会指定披露平台）,data/reports/贵州茅台/2023/年度报告.pdf,143,3.40,ok,http://static.cninfo.com.cn/finalpage/2024-04-03/1219506510.PDF
贵州茅台,600519,上交所,2024年,半年报,2024-08-09,巨潮资讯网 www.cninfo.com.cn（证监会指定披露平台）,data/reports/贵州茅台/2024/半年度报告.pdf,105,2.92,ok,http://static.cninfo.com.cn/finalpage/2024-08-09/1220825189.PDF
贵州茅台,600519,上交所,2024年,年报,2025-04-03,巨潮资讯网 www.cninfo.com.cn（证监会指定披露平台）,data/reports/贵州茅台/2024/年度报告.pdf,143,3.46,ok,http://static.cninfo.com.cn/finalpage/2025-04-03/1222993920.PDF
贵州茅台,600519,上交所,2025年,半年报,2025-08-13,巨潮资讯网 www.cninfo.com.cn（证监会指定披露平台）,data/reports/贵州茅台/2025/半年度报告.pdf,103,0.77,ok,http://static.cninfo.com.cn/finalpage/2025-08-13/1224462930.PDF
贵州茅台,600519,上交所,2025年,年报,2026-04-17,巨潮资讯网 www.cninfo.com.cn（证监会指定披露平台）,data/reports/贵州茅台/2025/年度报告.pdf,143,1.03,ok,http://static.cninfo.com.cn/finalpage/2026-04-17/1225114741.PDF
贵州茅台,600519,上交所,2026年,半年报,2026-08-15,巨潮资讯网 www.cninfo.com.cn（证监会指定披露平台）,data/reports/贵州茅台/2026/半年度报告.pdf,110,0.79,ok,http://static.cninfo.com.cn/finalpage/2026-08-15/1225475868.PDF
迎驾贡酒,603198,上交所,2022年,年报,2023-04-26,巨潮资讯网 www.cninfo.com.cn（证监会指定披露平台）,data/reports/迎驾贡酒/2022/年度报告.pdf,199,3.48,ok,http://static.cninfo.com.cn/finalpage/2023-04-26/1216589349.PDF
迎驾贡酒,603198,上交所,2023年,年报,2024-04-26,巨潮资讯网 www.cninfo.com.cn（证监会指定披露平台）,data/reports/迎驾贡酒/2023/年度报告.pdf,208,3.59,ok,http://static.cninfo.com.cn/finalpage/2024-04-26/1219834786.PDF
迎驾贡酒,603198,上交所,2024年,半年报,2024-08-17,巨潮资讯网 www.cninfo.com.cn（证监会指定披露平台）,data/reports/迎驾贡酒/2024/半年度报告.pdf,156,3.00,ok,http://static.cninfo.com.cn/finalpage/2024-08-17/1220892443.PDF
迎驾贡酒,603198,上交所,2024年,年报,2025-04-29,巨潮资讯网 www.cninfo.com.cn（证监会指定披露平台）,data/reports/迎驾贡酒/2024/年度报告.pdf,218,1.21,ok,http://static.cninfo.com.cn/finalpage/2025-04-29/1223377012.PDF
迎驾贡酒,603198,上交所,2025年,半年报,2025-08-26,巨潮资讯网 www.cninfo.com.cn（证监会指定披露平台）,data/reports/迎驾贡酒/2025/半年度报告.pdf,157,0.94,ok,http://static.cninfo.com.cn/finalpage/2025-08-26/1224572940.PDF
迎驾贡酒,603198,上交所,2025年,年报,2026-04-23,巨潮资讯网 www.cninfo.com.cn（证监会指定披露平台）,data/reports/迎驾贡酒/2025/年度报告.pdf,212,1.21,ok,http://static.cninfo.com.cn/finalpage/2026-04-23/1225154253.PDF
迎驾贡酒,603198,上交所,2026年,半年报,2026-08-26,巨潮资讯网 www.cninfo.com.cn（证监会指定披露平台）,data/reports/迎驾贡酒/2026/半年度报告.pdf,158,0.93,ok,http://static.cninfo.com.cn/finalpage/2026-08-26/1225501933.PDF
酒鬼酒,000799,深交所,2022年,年报,2023-04-29,深交所官网 www.szse.cn,data/reports/酒鬼酒/2022/年度报告.pdf,143,2.50,ok,http://disc.szse.cn/download/disc/disk03/finalpage/2023-04-28/417e1330-f6bb-4a30-8f3b-7555f534b134.PDF
酒鬼酒,000799,深交所,2023年,年报,2024-04-29,深交所官网 www.szse.cn,data/reports/酒鬼酒/2023/年度报告.pdf,160,2.99,ok,http://disc.szse.cn/download/disc/disk03/finalpage/2024-04-29/6e85fdd4-db4f-4a40-910c-a547ec11f360.PDF
酒鬼酒,000799,深交所,2024年,半年报,2024-08-29,深交所官网 www.szse.cn,data/reports/酒鬼酒/2024/半年度报告.pdf,126,2.00,ok,http://disc.szse.cn/download/disc/disk03/finalpage/2024-08-28/b758d86c-4d0b-4f66-88bf-19922e636ac6.PDF
酒鬼酒,000799,深交所,2024年,年报,2025-04-29,深交所官网 www.szse.cn,data/reports/酒鬼酒/2024/年度报告.pdf,152,2.55,ok,http://disc.szse.cn/download/disc/disk03/finalpage/2025-04-28/f10baf31-d755-4cd1-ad4a-18b168e98473.PDF
酒鬼酒,000799,深交所,2025年,半年报,2025-08-23,深交所官网 www.szse.cn,data/reports/酒鬼酒/2025/半年度报告.pdf,115,0.71,ok,http://disc.szse.cn/download/disc/disk03/finalpage/2025-08-23/83ab75b5-d640-4884-b57f-b25ec7fe6db7.PDF
酒鬼酒,000799,深交所,2025年,年报,2026-04-29,深交所官网 www.szse.cn,data/reports/酒鬼酒/2025/年度报告.pdf,155,1.10,ok,http://disc.szse.cn/download/disc/disk03/finalpage/2026-04-29/ae4a8d11-c826-4f0a-92a4-e1757b11a768.PDF
酒鬼酒,000799,深交所,2026年,半年报,2026-08-25,深交所官网 www.szse.cn,data/reports/酒鬼酒/2026/半年度报告.pdf,118,0.77,ok,http://disc.szse.cn/download/disc/disk03/finalpage/2026-08-25/8a46d4d0-5d97-4052-b62a-ced001a34cb3.PDF
